rank,name,symbol,category,revenue30d,annualizedRevenue,marketCap,revenueYield,marketCapSource,quality
1,Full Sail,SAIL,Dexs,19082.49,232170.295,13655.460347040726,17.00201158361634,DeFiLlama,Direct match
2,fly.trade,FLY,Cross Chain Bridge,88935,1082042.5,77961.90195111361,13.879118812141089,DeFiLlama,Direct match
3,HawkFi,HAWK,Liquidity Manager,14682,178631,18617.455451014284,9.59481280726084,DeFiLlama,Direct match
4,Yala,YALA,CDP,2040,24820,3489.4037641655727,7.112963038238497,DeFiLlama,Direct match
5,Aark Digital,AARK,Derivatives,197513,2403074.8333333335,369864.2289989568,6.497180978645305,DeFiLlama,Direct match
6,MineBean,BEAN,Gamified Mining,50300,611983.3333333334,105881.89970643027,5.7798673336059085,DeFiLlama,Direct match
7,Gamma,GAMMA,Liquidity Manager,6398.37,77846.83499999999,16216.114772587927,4.800584855972651,DeFiLlama,Direct match
8,Jade,JADE,Gamified Mining,5126,62366.333333333336,17521.971933823726,3.5593216088278177,DeFiLlama,Direct match
9,Fragmetric,FRAG,Liquid Restaking,1188.7599999999998,14463.246666666664,4497.626443596766,3.215750985113019,DeFiLlama,Direct match
10,ZINC,ZINC,Gamified Mining,21865.84,266034.38666666666,115996.45054568644,2.29347006236097,DeFiLlama,Direct match
11,token.select,SELECT,Launchpad,28073.739999999998,341563.83666666667,174780.44051784032,1.9542451984597344,DeFiLlama,Direct match
12,Neverland,DUST,Lending,14469,176039.5,110141.4124185555,1.5983043628587303,DeFiLlama,Direct match
13,FlashTrade,FAF,Derivatives,20147.11,245123.1716666667,155342.05462520669,1.5779575740650182,DeFiLlama,Direct match
14,Fake World Assets,FWA,Gamified Mining,1072199,13045087.833333334,10081854.133421132,1.293917533491101,DeFiLlama,Direct match
15,PEPTIDES,PEPTI,Interface,13790,167778.33333333334,141295.2450956304,1.1874308524662585,DeFiLlama,Direct match
16,ORE Protocol,ORE,Gamified Mining,2722384,33122338.666666668,29646429.85578061,1.117245443306163,DeFiLlama,Direct match
17,Kyros,KYROS,Liquid Restaking,26178.950000000004,318510.5583333334,348604.3044774387,0.9136736243426021,DeFiLlama,Direct match
18,Collector Crypt,CARDS,Physical TCG,9507399,115673354.5,130624042.12788211,0.8855441357935835,DeFiLlama,Direct match
19,THORWallet,TITN,DEX Aggregator,17660,214863.33333333334,253010.98264813932,0.8492253224918,DeFiLlama,Direct match
20,Ooga Booga,OOGA,DEX Aggregator,994.1400000000002,12095.370000000003,19373.071152684275,0.6243393163981698,DeFiLlama,Direct match
21,Streamflow,STREAM,Payments,128880,1568040,2566236.413967346,0.611027102361097,DeFiLlama,Direct match
22,Alt Fun,ALT,Launchpad,39692.72,482928.0933333334,834432.9289766728,0.5787500427692661,DeFiLlama,Direct match
23,sTONks,sTONks,Launchpad,5649.719999999999,68738.26,119077.5981911432,0.5772560166158326,DeFiLlama,Direct match
24,mETH Protocol,COOK,Liquid Staking,94080,1144640,2179941.9819754185,0.5250781944952273,DeFiLlama,Direct match
25,Kinetic,JOULE,Lending,13426,163349.66666666666,319229.5770095925,0.5116996620327514,DeFiLlama,Direct match
26,Immunefi,IMU,Services,98694,1200777,2442216.7922411575,0.49167502402523355,DeFiLlama,Direct match
27,Echelon Market,ELON,Lending,23448,285284,617134.7838289386,0.46227178806870955,DeFiLlama,Direct match
28,PrimeFi,PRFI,Lending,7975.92,97040.36,217115.49319426483,0.4469527189069497,DeFiLlama,Direct match
29,Symbiosis,SIS,Cross Chain Bridge,65335,794909.1666666666,1931083.3668476895,0.41163896925086174,DeFiLlama,Direct match
30,Turbos,TURBOS,Dexs,25557,310943.5,790672.7260984641,0.3932644819233054,DeFiLlama,Direct match
31,StockRip,RIP,Gamified Mining,33031.3,401880.8166666667,1035467.3461844829,0.3881153936408788,DeFiLlama,Direct match
32,THORSwap,THOR,DEX Aggregator,250096,3042834.6666666665,8411550.032050362,0.3617448217121237,DeFiLlama,Direct match
33,Gains Network,GNS,Derivatives,343362,4177571,11700952.40946412,0.3570282874256493,DeFiLlama,Direct match
34,Quickswap Dex,QUICK,Dexs,176592,2148536,6022535.6324447,0.3567494044245039,DeFiLlama,Direct match
35,fx Protocol,FXN,Dual-Token Stablecoin,126853,1543378.1666666667,4383813.079363479,0.3520629503871917,DeFiLlama,Direct match
36,GroypFi,GROYP,DEX Aggregator,63375,771062.5,2210460.9002419007,0.3488243107650622,DeFiLlama,Direct match
37,Piteas,PTS,DEX Aggregator,86112,1047696,3058089.3591961777,0.342598229462918,DeFiLlama,Direct match
38,Inverse Finance FiRM,INV,CDP,185225,2253570.8333333335,6846385.129693136,0.3291621477090848,DeFiLlama,Direct match
39,Ready Cards,READY,Physical TCG,98418,1197419,3968090.6416629115,0.3017620080115399,DeFiLlama,Direct match
40,Resupply,RSUP,Lending,74372,904859.3333333334,3040482.4619893883,0.2976038653882857,DeFiLlama,Direct match
41,Sport.fun,FUN,Prediction Market,80396,978151.3333333334,3809678.6920289816,0.2567542862288955,DeFiLlama,Direct match
42,Bankr,BNKR,Interface,551631.54,6711517.070000001,26269816.324802898,0.2554839739653322,DeFiLlama,Direct match
43,Definitive,EDGE,DEX Aggregator,367954,4476773.666666667,18088839.478379104,0.2474881637386181,DeFiLlama,Direct match
44,Alkimi,ALKIMI,Services,5122,62317.666666666664,259384.9101298007,0.24025170406205135,DeFiLlama,Direct match
45,Concentrator,CTR,Yield,2473,30088.166666666668,125591.37661880709,0.239571915498544,DeFiLlama,Direct match
46,CLever,CLEV,Yield,5490,66795,283234.9294583621,0.23582896406080248,DeFiLlama,Direct match
47,Ansem.io,ANSEM,Launchpad,1959681,23842785.5,103952127.51042852,0.22936313157812074,DeFiLlama,Direct match
48,Limitless Exchange,LMTS,Prediction Market,176474.99,2147112.378333333,9678785.833508154,0.2218369550961636,DeFiLlama,Direct match
49,Ravenhood,RVH,Volume Boosting,13888.52,168976.99333333332,779269.6357994963,0.21684021238678236,DeFiLlama,Direct match
50,Usual USD0,USUAL,RWA,391727,4766011.833333333,22087592.59102793,0.21577778627034738,DeFiLlama,Direct match
51,Velora,VLR,DEX Aggregator,15435.51,187798.70500000002,883453.3099131704,0.21257343528257047,DeFiLlama,Direct match
52,Dolomite,DOLO,Lending,213019,2591731.1666666665,13566456.673526734,0.19103965235993492,DeFiLlama,Direct match
53,GAIB,GAIB,RWA,37996,462284.6666666667,2588988.0819319263,0.17855805126831858,DeFiLlama,Direct match
54,Open Stablecoin Index,SQUILL,Indexes,592,7202.666666666667,41076.78538248964,0.17534640550857336,DeFiLlama,Direct match
55,Mendi Finance,MENDI,Lending,253.46,3083.763333333334,18009.326145978048,0.1712314668709589,DeFiLlama,Direct match
56,Beefy,BIFI,Yield Aggregator,60094,731143.6666666666,4327840.676338651,0.16893959860029167,DeFiLlama,Direct match
57,Stabull Finance,STABUL,Dexs,127.9,1556.1166666666666,9576.757063099785,0.16248889435261354,DeFiLlama,Direct match
58,Bloxwap,BLOXWAP,Interface,1360.4499999999998,16552.141666666666,102873.01717363781,0.1608987674457779,DeFiLlama,Direct match
59,CoWSwap,COW,DEX Aggregator,935639,11383607.833333334,75350824.69248402,0.1510747610234027,DeFiLlama,Direct match
60,Snake Finance,SNAKE,Algo-Stables,806.3,9809.983333333334,67044.9317095987,0.1463195365135834,DeFiLlama,Direct match
61,DEXTools,DEXT,Coins Tracker,78096,950168,6882079.532022277,0.13806408304043474,DeFiLlama,Direct match
62,Canton,CC,Chain,48837125,594185020.8333334,4368320529.087034,0.13602138782556697,DeFiLlama,Direct match
63,Index Coop,INDEX,Indexes,19580.620000000003,238230.87666666668,1799101.9982131624,0.13241654831314376,DeFiLlama,Direct match
64,Aethir,ATH,Developer Tools,1007105.26,12253113.996666666,94043163.2096045,0.13029244847237625,DeFiLlama,Direct match
65,Vesper,VSP,Yield Aggregator,9695.359999999999,117960.21333333332,907759.8642286741,0.1299464957437443,DeFiLlama,Direct match
66,ZeroLend Lending,ZERO,Lending,636.0699999999999,7738.8516666666665,60021.076690988055,0.12893556885874102,DeFiLlama,Direct match
67,Javsphere,JAV,Derivatives,877.6500000000001,10678.075000000003,83292.83465394242,0.1281992027809392,DeFiLlama,Direct match
68,Stride,STRD,Liquid Staking,5619,68364.5,566908.6963864033,0.12059172920748945,DeFiLlama,Direct match
69,Solana Name Service,SNS,Domains,16463.239999999998,200302.75333333333,1678033.6303939023,0.11936754407378246,DeFiLlama,Direct match
70,Stake DAO,SDT,Yield,72963.02,887716.7433333334,7504077.4808631865,0.1182979181114772,DeFiLlama,Direct match
71,Orynth,ORY,Launchpad,3669,44639.5,387076.24831076036,0.11532482345483935,DeFiLlama,Direct match
72,Graphite Protocol,GP,Launchpad,64412,783679.3333333334,7367919.362833546,0.10636372288308363,DeFiLlama,Direct match
73,Geodnet,GEOD,Oracle,898588,10932820.666666666,104494397.29836953,0.10462590291276082,DeFiLlama,Direct match
74,Kaskad,KSKD,Lending,630.0699999999999,7665.8516666666665,74670.36757146254,0.10266256770907332,DeFiLlama,Direct match
75,Lido,LDO,Liquid Staking,2596446,31590093,329141552.109854,0.09597722559641002,DeFiLlama,Direct match
76,Overtime,OVER,Prediction Market,95298,1159459,12326385.753291702,0.09406317660392642,DeFiLlama,Direct match
77,P2P.me,P2P,Payments,37182,452381,5138783.459077093,0.08803270338253288,DeFiLlama,Direct match
78,DefiPlaza,DFP2,Dexs,426.50000000000006,5189.083333333334,63858.08555860024,0.08125961321799259,DeFiLlama,Direct match
79,The Index,INDEX,Indexes,373274,4541500.333333333,58211879.60179637,0.07801672724536429,DeFiLlama,Direct match
80,NodeOps,NODE,DePIN,5834,70980.33333333333,946541.642534332,0.07498912899731065,DeFiLlama,Direct match
81,Tectonic,TONIC,Lending,24363.100000000002,296417.7166666667,3977964.953374455,0.074514914068114,DeFiLlama,Direct match
82,Metaplex,MPLX,Launchpad,92399,1124187.8333333333,15233409.711418347,0.07379751839082274,DeFiLlama,Direct match
83,Obol,OBOL,Staking Pool,4533,55151.5,756204.3743039496,0.0729320034028689,DeFiLlama,Direct match
84,Anoncoin,ANONCOIN,Launchpad,11766,143153,1964184.9545929169,0.07288162943375609,DeFiLlama,Direct match
85,World Liberty Financial,WLFI,Lending,10508184,127849572,1825195594.4361777,0.07004705270477825,DeFiLlama,Direct match
86,deBridge,DBR,Bridge,504600,6139300,88014126.67984001,0.06975357515427386,DeFiLlama,Direct match
87,Storm Trade,STORM,Derivatives,7515,91432.5,1354052.7712478947,0.06752506397201627,DeFiLlama,Direct match
88,SSV Network,SSV,Staking Pool,246061,2993742.1666666665,44432045.4791688,0.06737799564213695,DeFiLlama,Direct match
89,Swop,SWOP,Dexs,428.78,5216.823333333333,78657.13141208132,0.06632358998706195,DeFiLlama,Direct match
90,Convex Finance,CVX,Yield,1161577,14132520.166666666,216563807.16275576,0.06525799648528322,DeFiLlama,Direct match
91,Jupiter Aggregator,JUP,DEX Aggregator,3525022,42887767.666666664,735247268.6950827,0.058331080566656035,DeFiLlama,Direct match
92,DoubleUp,UP,Luck Games,365.31000000000006,4444.6050000000005,76525.05484966766,0.058080389602220624,DeFiLlama,Direct match
93,OPINION,OPN,Prediction Market,45934,558863.6666666666,10152873.044266984,0.05504487884660784,DeFiLlama,Direct match
94,LeverUp,LV,Derivatives,26014,316503.6666666667,6107969.449512782,0.05181814828689319,DeFiLlama,Direct match
95,Yield Yak Aggregator,YAK,Yield Aggregator,2658.03,32339.365,641630.7578629602,0.05040183096538377,DeFiLlama,Direct match
96,Hivemapper,HONEY,DePIN,38306.33,466060.3483333334,9312472.179007607,0.05004689832888173,DeFiLlama,Direct match
97,xExchange,MEX,Dexs,6828,83074,1662167.5237104816,0.049979318459160274,DeFiLlama,Direct match
98,KiloEx,KILO,Derivatives,2679.13,32596.08166666667,667501.523481093,0.048832969693723784,DeFiLlama,Direct match
99,Infrared Finance,IR,Liquid Staking,6357,77343.5,1601168.9740106037,0.048304395885382545,DeFiLlama,Direct match
100,KAIO,KAIO,RWA,43614,530637,11569692.366357852,0.04586440012380769,DeFiLlama,Direct match
101,Veno Finance,VNO,Liquid Staking,6681.49,81291.46166666667,1821942.7639546266,0.044618010661443115,DeFiLlama,Direct match
102,ZyFAI,ZFI,AI Agents,5877.610000000001,71510.92166666668,1607037.471570206,0.044498602510366296,DeFiLlama,Direct match
103,Aquarius Stellar,AQUA,Dexs,55703,677719.8333333334,15509907.794496614,0.04369592922878684,DeFiLlama,Direct match
104,Tree News,TREE,SoFi,57519,699814.5,16245894.2831425,0.04307639135176204,DeFiLlama,Direct match
105,Liqwid,LQ,Lending,16151,196503.83333333334,4601239.4487147005,0.04270671751026221,DeFiLlama,Direct match
106,Kintara,KINS,Gaming,3925,47754.166666666664,1138904.3429222608,0.04192991884124044,DeFiLlama,Direct match
107,Hermes V2,HERMES,Yield,83.28000000000002,1013.2400000000001,24362.0801818472,0.04159086549411289,DeFiLlama,Direct match
108,Creator Bid,BID,AI Agents,8277.71,100712.13833333334,2515650.1145480117,0.0400342391618432,DeFiLlama,Direct match
109,Haystack,HAY,Trading App,558.3100000000001,6792.771666666667,181956.69476733767,0.037331804006180545,DeFiLlama,Direct match
110,Lets Get HAI,KITE,CDP,1252.59,15239.845,428614.78811884637,0.035556041047688475,DeFiLlama,Direct match
111,HumidiFi,WET,Dexs,40199.25,489090.875,14286205.812827308,0.034235183323542404,DeFiLlama,Direct match
112,foxify,FOX,Derivatives,7722,93951,2760678.683846516,0.03403184896153722,DeFiLlama,Direct match
113,BasisOS,BIOS,Basis Trading,71.68,872.1066666666667,26052.53236329054,0.03347492882862755,DeFiLlama,Direct match
114,Stader,SD,Liquid Staking,23018,280052.3333333333,8538696.11249828,0.032798020873867906,DeFiLlama,Direct match
115,Ekubo,EKUBO,Dexs,12766.45,155325.14166666666,4870064.060235122,0.031893860069505474,DeFiLlama,Direct match
116,Benqi Lending,QI,Lending,24063,292766.5,9183490.387066044,0.03187965442990282,DeFiLlama,Direct match
117,Railgun,RAIL,Privacy,305729,3719702.8333333335,122352746.18690467,0.0304014658375641,DeFiLlama,Direct match
118,PinkSale,PINKSALE,Launchpad,41656.92,506825.86,16968493.733703483,0.029868641728247377,DeFiLlama,Direct match
119,Ferro,FER,Dexs,939,11424.5,409740.72610081383,0.02788226620457807,DeFiLlama,Direct match
120,MorpheusAI,MOR,AI Agents,38042,462844.3333333333,16885459.452987246,0.027410822585076322,DeFiLlama,Direct match
121,STON.fi,STON,Dexs,68452,832832.6666666666,30770047.382982872,0.027066343327350806,DeFiLlama,Direct match
122,Avici,AVICI,Crypto Card Issuer,8464,102978.66666666667,4076110.2149593635,0.02526395539765681,DeFiLlama,Direct match
123,GT3,GT3,Dexs,1867.84,22725.386666666665,940782.9921709059,0.02415582217768058,DeFiLlama,Direct match
124,Layer3,L3,Foundation,12932,157339.33333333334,6922640.798304308,0.022728224375280805,DeFiLlama,Direct match
125,Maya Protocol,CACAO,Cross Chain Bridge,21267,258748.5,12091792.16433223,0.02139868900188704,DeFiLlama,Direct match
126,Vader AI,VADER,AI Agents,1924.2,23411.1,1101917.7415651423,0.02124577826176692,DeFiLlama,Direct match
127,Enzyme Finance,MLN,Indexes,8556.03,104098.365,5018801.3134686025,0.020741678838857115,DeFiLlama,Direct match
128,Saber,SBR,Dexs,420,5110,249725.30930883935,0.020462483414848354,DeFiLlama,Direct match
129,USD AI,CHIP,RWA Lending,190037.09,2312117.928333333,113444265.78496373,0.020381091211044613,DeFiLlama,Direct match
130,Hamilton Lane Senior Credit Opportunities Securitize Fund,HLSCOPE,RWA,7084,86188.66666666667,4284488.767432599,0.0201164412710816,DeFiLlama,Direct match
131,OpenLedger,OPEN,Decentralized AI,41601,506145.5,25700650.935607802,0.019693878620745137,DeFiLlama,Direct match
132,WaterNeuron,WTN,Liquid Staking,2121,25805.5,1327928.5145261046,0.0194328984713527,DeFiLlama,Direct match
133,Renzo,REZ,Liquid Restaking,41071,499697.1666666667,26626356.257515002,0.018767012723554036,DeFiLlama,Direct match
134,Virtuals Protocol,VIRTUAL,AI Agents,669746,8148576.333333333,451390926.4289169,0.018052149159928973,DeFiLlama,Direct match
135,ENS,ENS,Domains,353983,4306793.166666667,251164647.85660726,0.01714729044640655,DeFiLlama,Direct match
136,Migrate.Fun,EMBLEM,Interface,6299.11,76639.17166666666,4535315.74224544,0.01689831006754174,DeFiLlama,Direct match
137,Osmosis DEX,OSMO,Dexs,35730,434715,27720312.259407107,0.015682182651188425,DeFiLlama,Direct match
138,Goldfinch,GFI,RWA Lending,3557.83,43286.931666666664,2870128.392943701,0.015081879881432803,DeFiLlama,Direct match
139,Vultisig,VULT,DEX Aggregator,6441.889999999999,78376.32833333332,5507600.973423533,0.01423057492936248,DeFiLlama,Direct match
140,America.Fun,AOL,Launchpad,1017.22,12376.176666666666,886179.3828112333,0.013965769128374023,DeFiLlama,Direct match
141,SOFA.org,RCH,Options,4599.64,55962.28666666667,4300806.028455162,0.013012046183065867,DeFiLlama,Direct match
142,Livepeer,LPT,Video Infrastructure,70722,860451,70637541.7477843,0.012181213823554242,DeFiLlama,Direct match
143,Infinite Trading Protocol,ITP,AI Agents,20.819999999999997,253.30999999999995,20962.377777244274,0.012084029907856198,DeFiLlama,Direct match
144,Hyperlane,HYPER,Cross Chain Bridge,20583,250426.5,22576678.012222495,0.011092265206795475,DeFiLlama,Direct match
145,Rarible,RARI,Services,1889.0700000000002,22983.685,2122178.2158682533,0.010830233214224478,DeFiLlama,Direct match
146,Monad,MON,Chain,286525,3486054.1666666665,322950828.182952,0.010794380637698235,DeFiLlama,Direct match
147,Venice,VVV,Farm,714390,8691745,817492963.8921344,0.010632195485350805,DeFiLlama,Direct match
148,Gearbox,GEAR,Lending,3643.8100000000004,44333.021666666675,4460990.7449703785,0.009937931773709845,DeFiLlama,Direct match
149,Tron,TRX,Chain,25496851,310211687.1666667,31229985521.757423,0.009933135798303436,DeFiLlama,Direct match
150,Colend Protocol,CLND,Lending,95.45,1161.3083333333334,117321.14621989586,0.009898542340838411,DeFiLlama,Direct match
151,Rubicon,RUBI,Dexs,104.42999999999999,1270.5649999999998,130438.64608538483,0.009740709813626024,DeFiLlama,Direct match
152,ALEX,ALEX,Dexs,2730.3199999999997,33218.89333333333,3490569.831045163,0.009516753693876617,DeFiLlama,Direct match
153,NetSwap,NETT,Dexs,506,6156.333333333333,660742.0080776954,0.00931730275670534,DeFiLlama,Direct match
154,Treehouse Protocol,TREE,DOR,4698.57,57165.93499999999,6437005.125003139,0.008880827945584728,DeFiLlama,Direct match
155,Axie Infinity,AXS,Gaming,116858,1421772.3333333333,164602335.626108,0.008637619435503455,DeFiLlama,Direct match
156,Safe,SAFE,Services,50242,611277.6666666666,73554682.10024261,0.008310520135667208,DeFiLlama,Direct match
157,Banana Gun,BANANA,Telegram Bot,10608,129064,15736562.127384458,0.008201537219835669,DeFiLlama,Direct match
158,Liquidium,LIQ,Lending,696.46,8473.596666666668,1036790.293224458,0.008172912807963754,DeFiLlama,Direct match
159,THORChain DEX,RUNE,Dexs,106302.47,1293346.7183333333,160432042.61121076,0.008061648391946336,DeFiLlama,Direct match
160,Adrena Protocol,ADX,Derivatives,27.97,340.3016666666666,43433.503485128786,0.007835003841750473,DeFiLlama,Direct match
161,Bulla Exchange,BULLA,Dexs,6.74,82.00333333333333,10519.601811284021,0.007795288719518939,DeFiLlama,Direct match
162,Sperax USD,SPA,Yield Aggregator,319.93,3892.4816666666666,515226.61410993006,0.007554892468804333,DeFiLlama,Direct match
163,Mainstreet,MSY,Yield,14743,179373.16666666666,25620047.821817297,0.007001281493078152,DeFiLlama,Direct match
164,Almanak,ALMANAK,Onchain Capital Allocator,279.97999999999996,3406.4233333333327,498839.5590438668,0.006828695261984584,DeFiLlama,Direct match
165,Olympus DAO,OHM,Reserve Currency,158379,1926944.5,301761205.1447295,0.006385660141686559,DeFiLlama,Direct match
166,Trueo,TRUE,Prediction Market,804.69,9790.395,1609949.3952921692,0.006081181823869232,DeFiLlama,Direct match
167,Wrapped HLP,wHLP,Yield,740.52,9009.66,1515138.5200006224,0.005946426601309231,DeFiLlama,Direct match
168,Nexus Mutual,NXM,Insurance,53112.09,646197.095,108807009.54542659,0.005938928913676418,DeFiLlama,Direct match
169,Penpie,PNP,Yield,933.86,11361.963333333335,1952784.348785281,0.0058183400232601126,DeFiLlama,Direct match
170,SakeFinance,SONE,Lending,230.97000000000003,2810.135,486676.29633006296,0.005774135747293868,DeFiLlama,Direct match
171,Sable Finance,SABLE,CDP,30.33,369.015,70215.54127486987,0.005255460447928931,DeFiLlama,Direct match
172,Amnis Finance,AMI,Liquid Staking,194.78,2369.8233333333333,453806.8778319614,0.005222096554937731,DeFiLlama,Direct match
173,Hydration DEX,HDX,Dexs,21061,256242.16666666666,49883787.78150748,0.005136782471070866,DeFiLlama,Direct match
174,Wombat Exchange,WOM,Dexs,42.71999999999999,519.7599999999999,101878.26396413642,0.005101775194981412,DeFiLlama,Direct match
175,Looped Hype,LHYPE,Yield,4196,51051.333333333336,10031517.722974,0.005089093668888856,DeFiLlama,Direct match
176,Reserve Protocol,RSR,Indexes,34431,418910.5,86329995.18685195,0.004852432796889581,DeFiLlama,Direct match
177,GTR.trade Perps,GTR,Interface,200.57999999999998,2440.39,576630.1403625566,0.004232158240055928,DeFiLlama,Direct match
178,Hyperion,RION,Dexs,1999,24321.166666666668,6612824.54031907,0.0036778787216231153,DeFiLlama,Direct match
179,TermMax,TMX,Lending,3828.3600000000006,46578.380000000005,15034799.368917767,0.00309803801547854,DeFiLlama,Direct match
180,Fidelity Digital Interest Token,FDIT,RWA,8987,109341.83333333333,35728426.38,0.003060359618707991,DeFiLlama,Direct match
181,Eggs Finance,EGGS,Reserve Currency,28.59,347.845,123759.27332818175,0.0028106580674370427,DeFiLlama,Direct match
182,Momentum,MMT,Dexs,7634,92880.33333333333,34176305.334112905,0.002717682102419225,DeFiLlama,Direct match
183,Streamlock,LOCK,Launchpad,1.42,17.276666666666664,6523.225647703186,0.002648485212641654,DeFiLlama,Direct match
184,Frankencoin,ZCHF,CDP,8110.28,98675.07333333332,43151370.073292166,0.00228671935944872,DeFiLlama,Direct match
185,Ankr,ANKR,Liquid Staking,7655.7,93144.35,42280065.29253502,0.002203032312167351,DeFiLlama,Direct match
186,Space and Time,SXT,Developer Tools,7198,87575.66666666667,39871270.06235984,0.0021964604219954806,DeFiLlama,Direct match
187,Boardwalk,BWLK,Launchpad,126.73,1541.881666666667,708892.7745172045,0.002175056259695656,DeFiLlama,Direct match
188,Beraborrow,POLLEN,CDP,20.91,254.405,119023.92465820124,0.002137427418315856,DeFiLlama,Direct match
189,Ethervista,VISTA,Dexs,136.92000000000002,1665.8600000000001,783880.634101845,0.0021251449870409284,DeFiLlama,Direct match
190,Yield Basis,YB,Leveraged Farming,4344,52852,24886787.62483185,0.0021236971519483965,DeFiLlama,Direct match
191,Aptos,APT,Chain,87709,1067126.1666666667,512239227.35505813,0.002083257411145104,DeFiLlama,Direct match
192,SushiSwap,SUSHI,Dexs,9624,117092,56792290.15032627,0.0020617587297512303,DeFiLlama,Direct match
193,HOPR,HOPR,Privacy,1277.3100000000004,15540.605000000005,7711258.427206278,0.0020153137320843536,DeFiLlama,Direct match
194,Api3,API3,Risk Curators,5432,66089.33333333333,33185991.705804344,0.0019914828497282506,DeFiLlama,Direct match
195,ZealousSwap,ZEAL,Dexs,222.98,2712.923333333333,1382571.4913121792,0.001962230054923623,DeFiLlama,Direct match
196,Omnipair,OMFG,Lending,336.41999999999996,4093.1099999999997,2237069.8691618135,0.0018296746366413706,DeFiLlama,Direct match
197,Unlock Protocol,UP,Payments,113.59,1382.0116666666665,795502.8988550018,0.0017372804909395673,DeFiLlama,Direct match
198,Launch Coin on Believe,LAUNCHCOIN,Launchpad,212.74999999999997,2588.458333333333,1592823.3587627204,0.0016250755735676841,DeFiLlama,Direct match
199,Walrus Protocol,WAL,Developer Tools,8361,101725.5,65239607.90937491,0.0015592598309497516,DeFiLlama,Direct match
200,Verse,VERSE,Dexs,142.95000000000002,1739.2250000000001,1138930.4755053674,0.0015270686292139734,DeFiLlama,Direct match
201,Illuvium,ILV,Gaming,2888.6999999999994,35145.84999999999,25688710.074420925,0.0013681438226435451,DeFiLlama,Direct match
202,ThalaSwap,THL,Dexs,72.42999999999998,881.2316666666665,697504.5365440125,0.0012634063586639637,DeFiLlama,Direct match
203,Sommelier,SOMM,Onchain Capital Allocator,13.2,160.6,133151.1817168784,0.0012061477632356766,DeFiLlama,Direct match
204,Bitway Earn,BTW,Basis Trading,119243,1450789.8333333333,1219279051.0159752,0.001189875141481722,DeFiLlama,Direct match
205,THENA V1,THE,Dexs,943,11473.166666666666,9881477.396217655,0.0011610780662270465,DeFiLlama,Direct match
206,ZKsync Era,ZK,Chain,9461,115108.83333333333,99703990.25879592,0.0011545057829135217,DeFiLlama,Direct match
207,Polycule,PCULE,Interface,44.37,539.8349999999999,537207.3945815417,0.0010048912309193084,DeFiLlama,Direct match
208,Re,RE,RWA,5998.31,72979.43833333334,72669101.84881853,0.0010042705424536612,DeFiLlama,Direct match
209,Sui Foundation,SUI,Canonical Bridge,223368,2717644,3180316348.5927095,0.0008545200232054142,DeFiLlama,Direct match
210,Filecoin,FIL,Chain,44515,541599.1666666666,639043293.0880482,0.0008475156104831295,DeFiLlama,Direct match
211,Jellyverse,JLY,Dexs,1.47,17.884999999999998,23198.789323831348,0.0007709454036736016,DeFiLlama,Direct match
212,BakerDAO,BREAD,Reserve Currency,1.6,19.466666666666665,29598.690770870682,0.0006576867476119799,DeFiLlama,Direct match
213,SYMMIO,SYMM,Derivatives,437.74999999999994,5325.958333333332,8293744.173996821,0.0006421657361980953,DeFiLlama,Direct match
214,Berachain,BERA,Chain,2614,31803.666666666668,56791426.68825894,0.0005600082357719982,DeFiLlama,Direct match
215,FLock.io,FLOCK,Decentralized AI,817.0400000000001,9940.653333333334,18620192.847091787,0.000533864144961631,DeFiLlama,Direct match
216,Plasma,XPL,Chain,10981,133602.16666666666,282421596.25231415,0.0004730593143001256,DeFiLlama,Direct match
217,Surf Liquid,SURF,Yield,4.329999999999996,52.681666666666615,119535.26922008999,0.00044072069281634696,DeFiLlama,Direct match
218,Aave V2,AAVE,Lending,73738,897145.6666666666,2062614570.73387,0.00043495555563125194,DeFiLlama,Direct match
219,Solana,SOL,Chain,2158800,26265400,61033315250.23372,0.0004303452940793581,DeFiLlama,Direct match
220,Avalanche,AVAX,Chain,102086,1242046.3333333333,3238474981.332261,0.0003835281546076276,DeFiLlama,Direct match
221,Tezos,XTZ,Chain,7541,91748.83333333333,257496326.73288473,0.00035631123168801355,DeFiLlama,Direct match
222,Synapse Cross Chain Bridge,SYN,Cross Chain Bridge,505.91,6155.238333333334,20113220.915289823,0.00030602946983266104,DeFiLlama,Direct match
223,Whales Market,WHALES,OTC Marketplace,9.94,120.93666666666667,421046.7472941534,0.0002872285974036451,DeFiLlama,Direct match
224,DIEM Relay,DIEM,Yield,1255,15269.166666666666,57652941.30737937,0.0002648462735883393,DeFiLlama,Direct match
225,Sonic,S,Chain,2476,30124.666666666668,117100645.62646972,0.00025725448826950973,DeFiLlama,Direct match
226,Invariant,INVT,Dexs,0.4,4.866666666666666,22616.820050649923,0.00021517908599740646,DeFiLlama,Direct match
227,aPriori,APR,Liquid Staking,824.1400000000002,10027.03666666667,59963652.32359199,0.00016721857789042064,DeFiLlama,Direct match
228,TON,GRAM,Chain,43037,523616.8333333333,3861160386.340955,0.00013561126214431643,DeFiLlama,Direct match
229,Wompie,MGP,Yield,9.84,119.72,1089613.8737018702,0.00010987378454833867,DeFiLlama,Direct match
230,Rain,RAIN,Prediction Market,97133.58,1181791.8900000001,11979723587.70403,0.00009864934540000486,DeFiLlama,Direct match
231,Iron Bank,IB,Lending,0.13,1.5816666666666668,20722.24652582218,0.00007632698822956949,DeFiLlama,Direct match
232,cap,CAP,Lending,411.26,5003.663333333333,71728003.87168603,0.0000697588537704795,DeFiLlama,Direct match
233,stUSDT,STUSDT,RWA,301.61,3669.5883333333336,62573000.9524739,0.00005864491517868062,DeFiLlama,Direct match
234,Gravity by Galxe,G,Chain,106.69,1298.0616666666667,27647972.03890866,0.00004694961586477012,DeFiLlama,Direct match
235,Badger DAO,BADGER,Yield Aggregator,27,328.5,7012585.584574665,0.00004684434807078715,DeFiLlama,Direct match
236,SMARDEX AMM,SDEX,Dexs,15.240000000000002,185.42000000000002,4621450.581853623,0.00004012160180356829,DeFiLlama,Direct match
237,Sei,SEI,Chain,589.99,7178.211666666667,327264998.3415084,0.000021933942532944025,DeFiLlama,Direct match
238,Velo Finance,VELO,Dexs,142.23,1730.465,79984264.02977036,0.000021635068109846158,DeFiLlama,Direct match
239,Cardano,ADA,Chain,7656,93148,8314277000.625327,0.000011203379439125522,DeFiLlama,Direct match
240,Boson Protocol,BOSON,RWA,1.4500000000000002,17.64166666666667,3312562.820529063,0.0000053256851635643986,DeFiLlama,Direct match
241,Flying Tulip Lend,FT,Lending,13.07,159.01833333333335,52684256.368320085,0.0000030183273769989794,DeFiLlama,Direct match
242,Movement,MOVE,Chain,8.569999999999999,104.2683333333333,40573722.26607019,0.0000025698488457522614,DeFiLlama,Direct match
243,Aspecta BuildKey,ASP,SoFi,0.77,9.368333333333334,4089189.320101583,0.0000022910001469681545,DeFiLlama,Direct match
244,Peapods Finance,PEAS,Yield,0.27,3.2850000000000006,20774682.82191198,1.5812515782600375e-7,DeFiLlama,Direct match
245,Blur Bids,BLUR,NFT Marketplace,0.02,0.24333333333333332,47346006.25005601,5.139469040919274e-9,DeFiLlama,Direct match
